Workbook

Sheet Brands
A1: Businesses in the test
A2: 00 is FluxMuse (dry run, excluded from the gates). Orange cells are yours to fill in; grey cells are calculated.
A3: Code | B3: Business | C3: Segment (Solo/SME) | D3: Category | E3: Main language | F3: Owner self-films? (Y/N) | G3: WhatsApp number (intl, digits only) | H3: Consent date | I3: Avatar # | J3: Review order (labels 1,2,3) | K3: Posting order | L3: Owner reports bad customer reaction? (Y/N) | M3: AI / fake / scam comments (total)
A4: 00 | B4: FluxMuse (dry run) | C4: Own brand | D4: Software | E4: English | F4: Y | G4: 27742426065 | I4: 1 | J4: B, A, C | K4: B first (6 Oct 2026); A, C not posted | M4: =SUM(Videos!J4:J6)
A5: 01 | J5: C, B, A | K5: A, B, C | M5: =SUM(Videos!J7:J9)
A6: 02 | J6: A, C, B | K6: B, C, A | M6: =SUM(Videos!J10:J12)
A7: 03 | J7: B, C, A | K7: C, A, B | M7: =SUM(Videos!J13:J15)
A8: 04 | J8: C, A, B | K8: A, B, C | M8: =SUM(Videos!J16:J18)
A9: 05 | J9: A, B, C | K9: B, C, A | M9: =SUM(Videos!J19:J21)
A10: 06 | J10: B, A, C | K10: C, A, B | M10: =SUM(Videos!J22:J24)
A11: 07 | J11: C, B, A | K11: A, B, C | M11: =SUM(Videos!J25:J27)
A12: 08 | J12: A, C, B | K12: B, C, A | M12: =SUM(Videos!J28:J30)
A13: 09 | J13: B, C, A | K13: C, A, B | M13: =SUM(Videos!J31:J33)
A14: 10 | J14: C, A, B | K14: A, B, C | M14: =SUM(Videos!J34:J36)

Sheet Videos
A1: One row per video
A2: Fill in after the owner review (D), then 72 hours after each post (E-J). Quality pass (K) is for format A only. Count every attempt in L and every rand in M, including failed ones.
A3: Code | B3: Business | C3: Format | D3: Owner would post? (Y/N) | E3: Posted? (Y/N) | F3: Post date & time | G3: Views | H3: Conversations (code) | I3: Orders | J3: AI / fake / scam comments | K3: Quality pass? (A only, Y/N) | L3: Attempts | M3: Cost (R, incl. failed) | N3: Staff minutes | O3: Tool / model | P3: Notes (owner's words, what went wrong) | Q3: In gates? (1 = test business, 0 = FluxMuse)
A4: ="AV"&B4&C4 | B4: 00 | C4: A | D4: N | E4: N | K4: N | L4: 2 | M4: 0 | N4: 150 | O4: Founder's animated avatar clip (Higgsfield) + Kokoro bf_emma + assemble_video.py; SadTalker/Wav2Lip re-sync failed on CPU | P4: Founder: 'better with no avatar'. Lips don't match the words. 1 Higgsfield credit for the Soul image (rand value not known); clip made on the founder's own account. | Q4: 0
A5: ="AV"&B5&C5 | B5: 00 | C5: B | D5: Y | E5: Y | F5: 6 Oct 2026: TikTok 08:15, WhatsApp Status 08:20 (SAST) | L5: 1 | M5: 0 | N5: 90 | O5: Kokoro-82M bf_emma (Apache 2.0) + assemble_video.py (ffmpeg) | P5: Posted first, against the planned C, A, B order. Views/conversations/orders due 72 h after post (9 Oct, ~08:20). TikTok posted via Higgsfield connector with 'Your brand' and AI-content labels. | Q5: 0
A6: ="AV"&B6&C6 | B6: 00 | C6: C | D6: N | E6: N | L6: 0 | M6: 0 | N6: 0 | P6: Owner didn't film. | Q6: 0
A7: ="AV"&B7&C7 | B7: 01 | C7: A | Q7: 1
A8: ="AV"&B8&C8 | B8: 01 | C8: B | Q8: 1
A9: ="AV"&B9&C9 | B9: 01 | C9: C | Q9: 1
A10: ="AV"&B10&C10 | B10: 02 | C10: A | Q10: 1
A11: ="AV"&B11&C11 | B11: 02 | C11: B | Q11: 1
A12: ="AV"&B12&C12 | B12: 02 | C12: C | Q12: 1
A13: ="AV"&B13&C13 | B13: 03 | C13: A | Q13: 1
A14: ="AV"&B14&C14 | B14: 03 | C14: B | Q14: 1
A15: ="AV"&B15&C15 | B15: 03 | C15: C | Q15: 1
A16: ="AV"&B16&C16 | B16: 04 | C16: A | Q16: 1
A17: ="AV"&B17&C17 | B17: 04 | C17: B | Q17: 1
A18: ="AV"&B18&C18 | B18: 04 | C18: C | Q18: 1
... A36: ="AV"&B36&C36 | B36: 10 | C36: C | Q36: 1

Sheet Voice check
A1: Voice check (before any video)
A2: South African English and Afrikaans, rated by a fluent speaker: natural / OK / poor / not available. Other languages are deferred to later sprints. Script: Production_Prompts.md §2.
A3: Tool / model | B3: South African English | C3: Afrikaans | D3: Rated by (initials) | E3: Notes
A4: Higgsfield: ElevenLabs v4 (supports Afrikaans)
A5: Higgsfield: Text to Speech v2 (MiniMax)
A6: Google Cloud Text-to-Speech (af-ZA voices)
A7: Meta MMS-TTS afr (Colab; internal check only, non-commercial)
A8: Kokoro-82M (Colab; English only) | C8: not available
A9: Other:

Sheet Tracking
A1: Tracking links and captions
A2: Built from the Brands tab. See Tracking_Codes.md for how to count conversations.
A3: Code | B3: Business | C3: wa.me link | D3: Caption line | E3: Fallback (no tappable link)
A4: ="AV"&"00"&"A" | B4: =Brands!B4 | C4: =IF(OR(Brands!G4="",Brands!B4=""),"(fill in the business name and number on Brands)","https://wa.me/"&Brands!G4&"?text="&ENCODEURL("Hi "&Brands!B4&"! I saw your video ("&A4&")")) | D4: =IF(LEFT(C4,5)="https","Tap to chat: "&C4,"") | E4: ="WhatsApp us '"&A4&"' to order"
A5: ="AV"&"00"&"B" | B5: =Brands!B4 | C5: =IF(OR(Brands!G4="",Brands!B4=""),"(fill in the business name and number on Brands)","https://wa.me/"&Brands!G4&"?text="&ENCODEURL("Hi "&Brands!B4&"! I saw your video ("&A5&")")) | D5: =IF(LEFT(C5,5)="https","Tap to chat: "&C5,"") | E5: ="WhatsApp us '"&A5&"' to order"
A6: ="AV"&"00"&"C" | B6: =Brands!B4 | C6: =IF(OR(Brands!G4="",Brands!B4=""),"(fill in the business name and number on Brands)","https://wa.me/"&Brands!G4&"?text="&ENCODEURL("Hi "&Brands!B4&"! I saw your video ("&A6&")")) | D6: =IF(LEFT(C6,5)="https","Tap to chat: "&C6,"") | E6: ="WhatsApp us '"&A6&"' to order"
A7: ="AV"&"01"&"A" | B7: =Brands!B5 | C7: =IF(OR(Brands!G5="",Brands!B5=""),"(fill in the business name and number on Brands)","https://wa.me/"&Brands!G5&"?text="&ENCODEURL("Hi "&Brands!B5&"! I saw your video ("&A7&")")) | D7: =IF(LEFT(C7,5)="https","Tap to chat: "&C7,"") | E7: ="WhatsApp us '"&A7&"' to order"
A8: ="AV"&"01"&"B" | B8: =Brands!B5 | C8: =IF(OR(Brands!G5="",Brands!B5=""),"(fill in the business name and number on Brands)","https://wa.me/"&Brands!G5&"?text="&ENCODEURL("Hi "&Brands!B5&"! I saw your video ("&A8&")")) | D8: =IF(LEFT(C8,5)="https","Tap to chat: "&C8,"") | E8: ="WhatsApp us '"&A8&"' to order"
A9: ="AV"&"01"&"C" | B9: =Brands!B5 | C9: =IF(OR(Brands!G5="",Brands!B5=""),"(fill in the business name and number on Brands)","https://wa.me/"&Brands!G5&"?text="&ENCODEURL("Hi "&Brands!B5&"! I saw your video ("&A9&")")) | D9: =IF(LEFT(C9,5)="https","Tap to chat: "&C9,"") | E9: ="WhatsApp us '"&A9&"' to order"
A10: ="AV"&"02"&"A" | B10: =Brands!B6 | C10: =IF(OR(Brands!G6="",Brands!B6=""),"(fill in the business name and number on Brands)","https://wa.me/"&Brands!G6&"?text="&ENCODEURL("Hi "&Brands!B6&"! I saw your video ("&A10&")")) | D10: =IF(LEFT(C10,5)="https","Tap to chat: "&C10,"") | E10: ="WhatsApp us '"&A10&"' to order"
A11: ="AV"&"02"&"B" | B11: =Brands!B6 | C11: =IF(OR(Brands!G6="",Brands!B6=""),"(fill in the business name and number on Brands)","https://wa.me/"&Brands!G6&"?text="&ENCODEURL("Hi "&Brands!B6&"! I saw your video ("&A11&")")) | D11: =IF(LEFT(C11,5)="https","Tap to chat: "&C11,"") | E11: ="WhatsApp us '"&A11&"' to order"
A12: ="AV"&"02"&"C" | B12: =Brands!B6 | C12: =IF(OR(Brands!G6="",Brands!B6=""),"(fill in the business name and number on Brands)","https://wa.me/"&Brands!G6&"?text="&ENCODEURL("Hi "&Brands!B6&"! I saw your video ("&A12&")")) | D12: =IF(LEFT(C12,5)="https","Tap to chat: "&C12,"") | E12: ="WhatsApp us '"&A12&"' to order"
A13: ="AV"&"03"&"A" | B13: =Brands!B7 | C13: =IF(OR(Brands!G7="",Brands!B7=""),"(fill in the business name and number on Brands)","https://wa.me/"&Brands!G7&"?text="&ENCODEURL("Hi "&Brands!B7&"! I saw your video ("&A13&")")) | D13: =IF(LEFT(C13,5)="https","Tap to chat: "&C13,"") | E13: ="WhatsApp us '"&A13&"' to order"
A14: ="AV"&"03"&"B" | B14: =Brands!B7 | C14: =IF(OR(Brands!G7="",Brands!B7=""),"(fill in the business name and number on Brands)","https://wa.me/"&Brands!G7&"?text="&ENCODEURL("Hi "&Brands!B7&"! I saw your video ("&A14&")")) | D14: =IF(LEFT(C14,5)="https","Tap to chat: "&C14,"") | E14: ="WhatsApp us '"&A14&"' to order"
A15: ="AV"&"03"&"C" | B15: =Brands!B7 | C15: =IF(OR(Brands!G7="",Brands!B7=""),"(fill in the business name and number on Brands)","https://wa.me/"&Brands!G7&"?text="&ENCODEURL("Hi "&Brands!B7&"! I saw your video ("&A15&")")) | D15: =IF(LEFT(C15,5)="https","Tap to chat: "&C15,"") | E15: ="WhatsApp us '"&A15&"' to order"
A16: ="AV"&"04"&"A" | B16: =Brands!B8 | C16: =IF(OR(Brands!G8="",Brands!B8=""),"(fill in the business name and number on Brands)","https://wa.me/"&Brands!G8&"?text="&ENCODEURL("Hi "&Brands!B8&"! I saw your video ("&A16&")")) | D16: =IF(LEFT(C16,5)="https","Tap to chat: "&C16,"") | E16: ="WhatsApp us '"&A16&"' to order"
A17: ="AV"&"04"&"B" | B17: =Brands!B8 | C17: =IF(OR(Brands!G8="",Brands!B8=""),"(fill in the business name and number on Brands)","https://wa.me/"&Brands!G8&"?text="&ENCODEURL("Hi "&Brands!B8&"! I saw your video ("&A17&")")) | D17: =IF(LEFT(C17,5)="https","Tap to chat: "&C17,"") | E17: ="WhatsApp us '"&A17&"' to order"
A18: ="AV"&"04"&"C" | B18: =Brands!B8 | C18: =IF(OR(Brands!G8="",Brands!B8=""),"(fill in the business name and number on Brands)","https://wa.me/"&Brands!G8&"?text="&ENCODEURL("Hi "&Brands!B8&"! I saw your video ("&A18&")")) | D18: =IF(LEFT(C18,5)="https","Tap to chat: "&C18,"") | E18: ="WhatsApp us '"&A18&"' to order"
A19: ="AV"&"05"&"A" | B19: =Brands!B9 | C19: =IF(OR(Brands!G9="",Brands!B9=""),"(fill in the business name and number on Brands)","https://wa.me/"&Brands!G9&"?text="&ENCODEURL("Hi "&Brands!B9&"! I saw your video ("&A19&")")) | D19: =IF(LEFT(C19,5)="https","Tap to chat: "&C19,"") | E19: ="WhatsApp us '"&A19&"' to order"
A20: ="AV"&"05"&"B" | B20: =Brands!B9 | C20: =IF(OR(Brands!G9="",Brands!B9=""),"(fill in the business name and number on Brands)","https://wa.me/"&Brands!G9&"?text="&ENCODEURL("Hi "&Brands!B9&"! I saw your video ("&A20&")")) | D20: =IF(LEFT(C20,5)="https","Tap to chat: "&C20,"") | E20: ="WhatsApp us '"&A20&"' to order"
A21: ="AV"&"05"&"C" | B21: =Brands!B9 | C21: =IF(OR(Brands!G9="",Brands!B9=""),"(fill in the business name and number on Brands)","https://wa.me/"&Brands!G9&"?text="&ENCODEURL("Hi "&Brands!B9&"! I saw your video ("&A21&")")) | D21: =IF(LEFT(C21,5)="https","Tap to chat: "&C21,"") | E21: ="WhatsApp us '"&A21&"' to order"
A22: ="AV"&"06"&"A" | B22: =Brands!B10 | C22: =IF(OR(Brands!G10="",Brands!B10=""),"(fill in the business name and number on Brands)","https://wa.me/"&Brands!G10&"?text="&ENCODEURL("Hi "&Brands!B10&"! I saw your video ("&A22&")")) | D22: =IF(LEFT(C22,5)="https","Tap to chat: "&C22,"") | E22: ="WhatsApp us '"&A22&"' to order"
A23: ="AV"&"06"&"B" | B23: =Brands!B10 | C23: =IF(OR(Brands!G10="",Brands!B10=""),"(fill in the business name and number on Brands)","https://wa.me/"&Brands!G10&"?text="&ENCODEURL("Hi "&Brands!B10&"! I saw your video ("&A23&")")) | D23: =IF(LEFT(C23,5)="https","Tap to chat: "&C23,"") | E23: ="WhatsApp us '"&A23&"' to order"
A24: ="AV"&"06"&"C" | B24: =Brands!B10 | C24: =IF(OR(Brands!G10="",Brands!B10=""),"(fill in the business name and number on Brands)","https://wa.me/"&Brands!G10&"?text="&ENCODEURL("Hi "&Brands!B10&"! I saw your video ("&A24&")")) | D24: =IF(LEFT(C24,5)="https","Tap to chat: "&C24,"") | E24: ="WhatsApp us '"&A24&"' to order"
A25: ="AV"&"07"&"A" | B25: =Brands!B11 | C25: =IF(OR(Brands!G11="",Brands!B11=""),"(fill in the business name and number on Brands)","https://wa.me/"&Brands!G11&"?text="&ENCODEURL("Hi "&Brands!B11&"! I saw your video ("&A25&")")) | D25: =IF(LEFT(C25,5)="https","Tap to chat: "&C25,"") | E25: ="WhatsApp us '"&A25&"' to order"
A26: ="AV"&"07"&"B" | B26: =Brands!B11 | C26: =IF(OR(Brands!G11="",Brands!B11=""),"(fill in the business name and number on Brands)","https://wa.me/"&Brands!G11&"?text="&ENCODEURL("Hi "&Brands!B11&"! I saw your video ("&A26&")")) | D26: =IF(LEFT(C26,5)="https","Tap to chat: "&C26,"") | E26: ="WhatsApp us '"&A26&"' to order"
A27: ="AV"&"07"&"C" | B27: =Brands!B11 | C27: =IF(OR(Brands!G11="",Brands!B11=""),"(fill in the business name and number on Brands)","https://wa.me/"&Brands!G11&"?text="&ENCODEURL("Hi "&Brands!B11&"! I saw your video ("&A27&")")) | D27: =IF(LEFT(C27,5)="https","Tap to chat: "&C27,"") | E27: ="WhatsApp us '"&A27&"' to order"
A28: ="AV"&"08"&"A" | B28: =Brands!B12 | C28: =IF(OR(Brands!G12="",Brands!B12=""),"(fill in the business name and number on Brands)","https://wa.me/"&Brands!G12&"?text="&ENCODEURL("Hi "&Brands!B12&"! I saw your video ("&A28&")")) | D28: =IF(LEFT(C28,5)="https","Tap to chat: "&C28,"") | E28: ="WhatsApp us '"&A28&"' to order"
A29: ="AV"&"08"&"B" | B29: =Brands!B12 | C29: =IF(OR(Brands!G12="",Brands!B12=""),"(fill in the business name and number on Brands)","https://wa.me/"&Brands!G12&"?text="&ENCODEURL("Hi "&Brands!B12&"! I saw your video ("&A29&")")) | D29: =IF(LEFT(C29,5)="https","Tap to chat: "&C29,"") | E29: ="WhatsApp us '"&A29&"' to order"
A30: ="AV"&"08"&"C" | B30: =Brands!B12 | C30: =IF(OR(Brands!G12="",Brands!B12=""),"(fill in the business name and number on Brands)","https://wa.me/"&Brands!G12&"?text="&ENCODEURL("Hi "&Brands!B12&"! I saw your video ("&A30&")")) | D30: =IF(LEFT(C30,5)="https","Tap to chat: "&C30,"") | E30: ="WhatsApp us '"&A30&"' to order"
A31: ="AV"&"09"&"A" | B31: =Brands!B13 | C31: =IF(OR(Brands!G13="",Brands!B13=""),"(fill in the business name and number on Brands)","https://wa.me/"&Brands!G13&"?text="&ENCODEURL("Hi "&Brands!B13&"! I saw your video ("&A31&")")) | D31: =IF(LEFT(C31,5)="https","Tap to chat: "&C31,"") | E31: ="WhatsApp us '"&A31&"' to order"
A32: ="AV"&"09"&"B" | B32: =Brands!B13 | C32: =IF(OR(Brands!G13="",Brands!B13=""),"(fill in the business name and number on Brands)","https://wa.me/"&Brands!G13&"?text="&ENCODEURL("Hi "&Brands!B13&"! I saw your video ("&A32&")")) | D32: =IF(LEFT(C32,5)="https","Tap to chat: "&C32,"") | E32: ="WhatsApp us '"&A32&"' to order"
A33: ="AV"&"09"&"C" | B33: =Brands!B13 | C33: =IF(OR(Brands!G13="",Brands!B13=""),"(fill in the business name and number on Brands)","https://wa.me/"&Brands!G13&"?text="&ENCODEURL("Hi "&Brands!B13&"! I saw your video ("&A33&")")) | D33: =IF(LEFT(C33,5)="https","Tap to chat: "&C33,"") | E33: ="WhatsApp us '"&A33&"' to order"
A34: ="AV"&"10"&"A" | B34: =Brands!B14 | C34: =IF(OR(Brands!G14="",Brands!B14=""),"(fill in the business name and number on Brands)","https://wa.me/"&Brands!G14&"?text="&ENCODEURL("Hi "&Brands!B14&"! I saw your video ("&A34&")")) | D34: =IF(LEFT(C34,5)="https","Tap to chat: "&C34,"") | E34: ="WhatsApp us '"&A34&"' to order"
A35: ="AV"&"10"&"B" | B35: =Brands!B14 | C35: =IF(OR(Brands!G14="",Brands!B14=""),"(fill in the business name and number on Brands)","https://wa.me/"&Brands!G14&"?text="&ENCODEURL("Hi "&Brands!B14&"! I saw your video ("&A35&")")) | D35: =IF(LEFT(C35,5)="https","Tap to chat: "&C35,"") | E35: ="WhatsApp us '"&A35&"' to order"
A36: ="AV"&"10"&"C" | B36: =Brands!B14 | C36: =IF(OR(Brands!G14="",Brands!B14=""),"(fill in the business name and number on Brands)","https://wa.me/"&Brands!G14&"?text="&ENCODEURL("Hi "&Brands!B14&"! I saw your video ("&A36&")")) | D36: =IF(LEFT(C36,5)="https","Tap to chat: "&C36,"") | E36: ="WhatsApp us '"&A36&"' to order"

Sheet Gates
A1: Decision gates (Avatar_Video_Test_Kit.md §7)
A2: Calculated from the other tabs, excluding 00 (FluxMuse). NEED DATA means not enough rows are filled in yet.
A4: Cost limit per finished format A video (R) | C4: Set this before day 1 (the dry run tells you a realistic figure).
A6: Gate | B6: Pass if | C6: Measured | D6: Result
A7: Owners post it | B7: At least half of the owners who reviewed format A actually posted it (needs at least 6 businesses) | C7: =IF((COUNTIFS(Videos!$C$4:$C$36,"A",Videos!$Q$4:$Q$36,1,Videos!$D$4:$D$36,"Y")+COUNTIFS(Videos!$C$4:$C$36,"A",Videos!$Q$4:$Q$36,1,Videos!$D$4:$D$36,"N"))=0,"",TEXT(COUNTIFS(Videos!$C$4:$C$36,"A",Videos!$Q$4:$Q$36,1,Videos!$E$4:$E$36,"Y")/(COUNTIFS(Videos!$C$4:$C$36,"A",Videos!$Q$4:$Q$36,1,Videos!$D$4:$D$36,"Y")+COUNTIFS(Videos!$C$4:$C$36,"A",Videos!$Q$4:$Q$36,1,Videos!$D$4:$D$36,"N")),"0%")&" of "&(COUNTIFS(Videos!$C$4:$C$36,"A",Videos!$Q$4:$Q$36,1,Videos!$D$4:$D$36,"Y")+COUNTIFS(Videos!$C$4:$C$36,"A",Videos!$Q$4:$Q$36,1,Videos!$D$4:$D$36,"N"))) | D7: =IF((COUNTIFS(Videos!$C$4:$C$36,"A",Videos!$Q$4:$Q$36,1,Videos!$D$4:$D$36,"Y")+COUNTIFS(Videos!$C$4:$C$36,"A",Videos!$Q$4:$Q$36,1,Videos!$D$4:$D$36,"N"))<6,"NEED DATA",IF(COUNTIFS(Videos!$C$4:$C$36,"A",Videos!$Q$4:$Q$36,1,Videos!$E$4:$E$36,"Y")/(COUNTIFS(Videos!$C$4:$C$36,"A",Videos!$Q$4:$Q$36,1,Videos!$D$4:$D$36,"Y")+COUNTIFS(Videos!$C$4:$C$36,"A",Videos!$Q$4:$Q$36,1,Videos!$D$4:$D$36,"N"))>=0.5,"PASS","FAIL"))
A8: It works at least as well | B8: Across businesses, format A brings at least as many conversations per post as format B | C8: =IF(OR(COUNTIFS(Videos!$C$4:$C$36,"A",Videos!$Q$4:$Q$36,1,Videos!$E$4:$E$36,"Y")=0,COUNTIFS(Videos!$C$4:$C$36,"B",Videos!$Q$4:$Q$36,1,Videos!$E$4:$E$36,"Y")=0),"","A "&TEXT(SUMIFS(Videos!$H$4:$H$36,Videos!$C$4:$C$36,"A",Videos!$Q$4:$Q$36,1,Videos!$E$4:$E$36,"Y")/COUNTIFS(Videos!$C$4:$C$36,"A",Videos!$Q$4:$Q$36,1,Videos!$E$4:$E$36,"Y"),"0.0")&" vs B "&TEXT(SUMIFS(Videos!$H$4:$H$36,Videos!$C$4:$C$36,"B",Videos!$Q$4:$Q$36,1,Videos!$E$4:$E$36,"Y")/COUNTIFS(Videos!$C$4:$C$36,"B",Videos!$Q$4:$Q$36,1,Videos!$E$4:$E$36,"Y"),"0.0")&" per post") | D8: =IF(OR(COUNTIFS(Videos!$C$4:$C$36,"A",Videos!$Q$4:$Q$36,1,Videos!$E$4:$E$36,"Y")=0,COUNTIFS(Videos!$C$4:$C$36,"B",Videos!$Q$4:$Q$36,1,Videos!$E$4:$E$36,"Y")=0),"NEED DATA",IF(SUMIFS(Videos!$H$4:$H$36,Videos!$C$4:$C$36,"A",Videos!$Q$4:$Q$36,1,Videos!$E$4:$E$36,"Y")/COUNTIFS(Videos!$C$4:$C$36,"A",Videos!$Q$4:$Q$36,1,Videos!$E$4:$E$36,"Y")>=SUMIFS(Videos!$H$4:$H$36,Videos!$C$4:$C$36,"B",Videos!$Q$4:$Q$36,1,Videos!$E$4:$E$36,"Y")/COUNTIFS(Videos!$C$4:$C$36,"B",Videos!$Q$4:$Q$36,1,Videos!$E$4:$E$36,"Y"),"PASS","FAIL"))
A9: No trust damage | B9: No owner reports customers calling it fake or a scam, and no more than 1 such comment per business | C9: ="Owner reports: "&COUNTIF(Brands!$L$5:$L$14,"Y")&"; most comments for one business: "&MAX(Brands!$M$5:$M$14) | D9: =IF(AND(COUNTIF(Brands!$L$5:$L$14,"Y")=0,COUNTIFS(Videos!$E$4:$E$36,"Y",Videos!$Q$4:$Q$36,1)=0),"NEED DATA",IF(AND(COUNTIF(Brands!$L$5:$L$14,"Y")=0,MAX(Brands!$M$5:$M$14)<=1),"PASS","FAIL"))
A10: Quality | B10: At least 80% of format A videos pass the quality bar within 2 attempts | C10: =IF((COUNTIFS(Videos!$C$4:$C$36,"A",Videos!$Q$4:$Q$36,1,Videos!$K$4:$K$36,"Y")+COUNTIFS(Videos!$C$4:$C$36,"A",Videos!$Q$4:$Q$36,1,Videos!$K$4:$K$36,"N"))=0,"",TEXT(COUNTIFS(Videos!$C$4:$C$36,"A",Videos!$Q$4:$Q$36,1,Videos!$K$4:$K$36,"Y",Videos!$L$4:$L$36,"<=2")/(COUNTIFS(Videos!$C$4:$C$36,"A",Videos!$Q$4:$Q$36,1,Videos!$K$4:$K$36,"Y")+COUNTIFS(Videos!$C$4:$C$36,"A",Videos!$Q$4:$Q$36,1,Videos!$K$4:$K$36,"N")),"0%")&" of "&(COUNTIFS(Videos!$C$4:$C$36,"A",Videos!$Q$4:$Q$36,1,Videos!$K$4:$K$36,"Y")+COUNTIFS(Videos!$C$4:$C$36,"A",Videos!$Q$4:$Q$36,1,Videos!$K$4:$K$36,"N"))) | D10: =IF((COUNTIFS(Videos!$C$4:$C$36,"A",Videos!$Q$4:$Q$36,1,Videos!$K$4:$K$36,"Y")+COUNTIFS(Videos!$C$4:$C$36,"A",Videos!$Q$4:$Q$36,1,Videos!$K$4:$K$36,"N"))=0,"NEED DATA",IF(COUNTIFS(Videos!$C$4:$C$36,"A",Videos!$Q$4:$Q$36,1,Videos!$K$4:$K$36,"Y",Videos!$L$4:$L$36,"<=2")/(COUNTIFS(Videos!$C$4:$C$36,"A",Videos!$Q$4:$Q$36,1,Videos!$K$4:$K$36,"Y")+COUNTIFS(Videos!$C$4:$C$36,"A",Videos!$Q$4:$Q$36,1,Videos!$K$4:$K$36,"N"))>=0.8,"PASS","FAIL"))
A11: Local voice | B11: At least one tool rated natural in Afrikaans by a fluent speaker | C11: =COUNTIF('Voice check'!$C$4:$C$9,"natural")&" natural rating(s)" | D11: =IF(COUNTIF('Voice check'!$C$4:$C$9,"natural")>0,"PASS",IF(COUNTA('Voice check'!$C$4:$C$9)=0,"NEED DATA","FAIL"))
A12: Cost | B12: Real cost per finished format A video (all attempts, incl. failed) is at or under the limit in B4 | C12: =IF(COUNTIFS(Videos!$C$4:$C$36,"A",Videos!$Q$4:$Q$36,1,Videos!$K$4:$K$36,"Y")=0,IF(SUMIFS(Videos!$M$4:$M$36,Videos!$C$4:$C$36,"A",Videos!$Q$4:$Q$36,1)>0,"R"&TEXT(SUMIFS(Videos!$M$4:$M$36,Videos!$C$4:$C$36,"A",Videos!$Q$4:$Q$36,1),"0")&" spent, 0 finished",""),"R"&TEXT(SUMIFS(Videos!$M$4:$M$36,Videos!$C$4:$C$36,"A",Videos!$Q$4:$Q$36,1)/COUNTIFS(Videos!$C$4:$C$36,"A",Videos!$Q$4:$Q$36,1,Videos!$K$4:$K$36,"Y"),"0")&" per finished video") | D12: =IF($B$4="","NEED DATA",IF(COUNTIFS(Videos!$C$4:$C$36,"A",Videos!$Q$4:$Q$36,1,Videos!$K$4:$K$36,"Y")=0,IF(SUMIFS(Videos!$M$4:$M$36,Videos!$C$4:$C$36,"A",Videos!$Q$4:$Q$36,1)>0,"FAIL","NEED DATA"),IF(SUMIFS(Videos!$M$4:$M$36,Videos!$C$4:$C$36,"A",Videos!$Q$4:$Q$36,1)/COUNTIFS(Videos!$C$4:$C$36,"A",Videos!$Q$4:$Q$36,1,Videos!$K$4:$K$36,"Y")<=$B$4,"PASS","FAIL")))
A14: What to do with the result: Avatar_Video_Test_Kit.md §7.
